problem,n_var,run_idx,seed,algorithm,runner,IGD,HV
zdt1,30,0,42,OADE_NSGAII,local_oade,0.004068013067301888,0.871059207337341
zdt1,30,0,42,NSGA2,pymoo,0.005322472246232331,0.8687473895012735
zdt1,30,0,42,RNSGA2,pymoo,0.5198909585644396,0.46112055836196936
zdt1,30,0,42,CGDE_NSGAII,local_cgde_nsga2,0.006871513196874593,0.8646347485135394
zdt1,30,0,42,NSGAII_SDR_OLS,local_nsga2_sdr_ols,0.6940677518166267,0.2862706811519399
zdt1,30,1,43,OADE_NSGAII,local_oade,0.004211763629950418,0.8710824959985501
zdt1,30,1,43,NSGA2,pymoo,0.005501375374135493,0.8675804469644379
zdt1,30,1,43,RNSGA2,pymoo,0.5697232905341086,0.4198064570412075
zdt1,30,1,43,CGDE_NSGAII,local_cgde_nsga2,0.007198906330308037,0.8638514501786335
zdt1,30,1,43,NSGAII_SDR_OLS,local_nsga2_sdr_ols,0.7813813805001376,0.18483020011604628
zdt1,30,2,44,OADE_NSGAII,local_oade,0.004612730008547259,0.8708985463205176
zdt1,30,2,44,NSGA2,pymoo,0.0050977752337473484,0.8678723497055642
zdt1,30,2,44,RNSGA2,pymoo,0.557642516371436,0.4312266428609836
zdt1,30,2,44,CGDE_NSGAII,local_cgde_nsga2,0.007161694723353251,0.8636926768747228
zdt1,30,2,44,NSGAII_SDR_OLS,local_nsga2_sdr_ols,0.6832629275265439,0.29955385835582843
zdt1,30,3,45,OADE_NSGAII,local_oade,0.004387198550749305,0.8707979627955006
zdt1,30,3,45,NSGA2,pymoo,0.005761758742150152,0.867505035694161
zdt1,30,3,45,RNSGA2,pymoo,0.5353068344684853,0.4527444833058682
zdt1,30,3,45,CGDE_NSGAII,local_cgde_nsga2,0.007382543177845481,0.8637177506381718
zdt1,30,3,45,NSGAII_SDR_OLS,local_nsga2_sdr_ols,0.7524514693756958,0.2198458743645276
zdt1,30,4,46,OADE_NSGAII,local_oade,0.00938495058822009,0.86468486445774
zdt1,30,4,46,NSGA2,pymoo,0.005628893695837284,0.8673185888765274
zdt1,30,4,46,RNSGA2,pymoo,0.7967377281175477,0.16513239491477474
zdt1,30,4,46,CGDE_NSGAII,local_cgde_nsga2,0.008211003298625228,0.8619833497140413
zdt1,30,4,46,NSGAII_SDR_OLS,local_nsga2_sdr_ols,0.7176586101755786,0.2614214549088375
zdt1,30,5,47,OADE_NSGAII,local_oade,0.008868500166129417,0.8652622703236051
zdt1,30,5,47,NSGA2,pymoo,0.005352285243058202,0.8679577407806967
zdt1,30,5,47,RNSGA2,pymoo,0.5193821997809921,0.4690596367060974
zdt1,30,5,47,CGDE_NSGAII,local_cgde_nsga2,0.007148206156567084,0.8638852050119045
zdt1,30,5,47,NSGAII_SDR_OLS,local_nsga2_sdr_ols,0.7032846878705112,0.27484148215327947
zdt1,30,6,48,OADE_NSGAII,local_oade,0.004703237993207177,0.8709788563427863
zdt1,30,6,48,NSGA2,pymoo,0.005116135122471698,0.8683253021422084
zdt1,30,6,48,RNSGA2,pymoo,0.755250264495878,0.216520670207628
zdt1,30,6,48,CGDE_NSGAII,local_cgde_nsga2,0.0071848129541987925,0.8637886492461617
zdt1,30,6,48,NSGAII_SDR_OLS,local_nsga2_sdr_ols,0.7253470116790262,0.2527760821355722
zdt1,30,7,49,OADE_NSGAII,local_oade,0.004481936634629407,0.8707920908206427
zdt1,30,7,49,NSGA2,pymoo,0.005102077583134987,0.8683078104988898
zdt1,30,7,49,RNSGA2,pymoo,0.8127399169002817,0.1444308844362982
zdt1,30,7,49,CGDE_NSGAII,local_cgde_nsga2,0.007120495868889807,0.8638982044254787
zdt1,30,7,49,NSGAII_SDR_OLS,local_nsga2_sdr_ols,0.795373122216412,0.16710355066683918
zdt1,30,8,50,OADE_NSGAII,local_oade,0.004237143530316901,0.8709811838664625
zdt1,30,8,50,NSGA2,pymoo,0.004842893017559553,0.8683480193457734
zdt1,30,8,50,RNSGA2,pymoo,0.5903531299589958,0.397035094280032
zdt1,30,8,50,CGDE_NSGAII,local_cgde_nsga2,0.00804928534285035,0.8621393415540539
zdt1,30,8,50,NSGAII_SDR_OLS,local_nsga2_sdr_ols,0.7736082431287222,0.19442056034534694
zdt1,30,9,51,OADE_NSGAII,local_oade,0.00430847516124194,0.870838554820064
zdt1,30,9,51,NSGA2,pymoo,0.00539628038189548,0.8674674930969124
zdt1,30,9,51,RNSGA2,pymoo,0.6263850735007598,0.36223079288911575
zdt1,30,9,51,CGDE_NSGAII,local_cgde_nsga2,0.008552729439860124,0.8611943480204319
zdt1,30,9,51,NSGAII_SDR_OLS,local_nsga2_sdr_ols,0.6582967794168233,0.3237788784261758
zdt1,30,10,52,OADE_NSGAII,local_oade,0.004918338746213356,0.8708885378909796
zdt1,30,10,52,NSGA2,pymoo,0.004908118366758364,0.8677880722855089
zdt1,30,10,52,RNSGA2,pymoo,0.6637676444426138,0.31937300293905563
zdt1,30,10,52,CGDE_NSGAII,local_cgde_nsga2,0.007124856933252624,0.8639555467744784
zdt1,30,10,52,NSGAII_SDR_OLS,local_nsga2_sdr_ols,0.6045736992343956,0.3801703689599721
zdt1,30,11,53,OADE_NSGAII,local_oade,0.005642240782743416,0.8694185675881856
zdt1,30,11,53,NSGA2,pymoo,0.005088317837374666,0.8681262137237294
zdt1,30,11,53,RNSGA2,pymoo,0.6202599167788371,0.3691957100100869
zdt1,30,11,53,CGDE_NSGAII,local_cgde_nsga2,0.007409430600650392,0.8636621600101644
zdt1,30,11,53,NSGAII_SDR_OLS,local_nsga2_sdr_ols,0.6771283715009153,0.30745203116806163
zdt1,30,12,54,OADE_NSGAII,local_oade,0.0190461707403959,0.8538578946812736
zdt1,30,12,54,NSGA2,pymoo,0.005050409625201665,0.8684854945316213
zdt1,30,12,54,RNSGA2,pymoo,0.6582738562705228,0.32848309488400107
zdt1,30,12,54,CGDE_NSGAII,local_cgde_nsga2,0.007386511581863757,0.863203499209761
zdt1,30,12,54,NSGAII_SDR_OLS,local_nsga2_sdr_ols,0.7279316043182034,0.24922240701225687
zdt1,30,13,55,OADE_NSGAII,local_oade,0.004679031149517512,0.8706918500551473
zdt1,30,13,55,NSGA2,pymoo,0.0054499874996754676,0.8678875013479626
zdt1,30,13,55,RNSGA2,pymoo,0.6913342898506142,0.29137199569873146
zdt1,30,13,55,CGDE_NSGAII,local_cgde_nsga2,0.007997765768862701,0.8623258871763182
zdt1,30,13,55,NSGAII_SDR_OLS,local_nsga2_sdr_ols,0.7505166972416789,0.22247987168619526
zdt1,30,14,56,OADE_NSGAII,local_oade,0.005113265005111222,0.8703312198163902
zdt1,30,14,56,NSGA2,pymoo,0.005378667476282114,0.8681266965907238
zdt1,30,14,56,RNSGA2,pymoo,0.4723720811780962,0.5013979835445471
zdt1,30,14,56,CGDE_NSGAII,local_cgde_nsga2,0.00752644654158201,0.8632348312195393
zdt1,30,14,56,NSGAII_SDR_OLS,local_nsga2_sdr_ols,0.7363097428581392,0.23893449656812119
zdt1,30,15,57,OADE_NSGAII,local_oade,0.007201152204424703,0.8679294268682534
zdt1,30,15,57,NSGA2,pymoo,0.005178539513450108,0.8675185449925276
zdt1,30,15,57,RNSGA2,pymoo,0.47733217568837655,0.5049177868761179
zdt1,30,15,57,CGDE_NSGAII,local_cgde_nsga2,0.007844623532727716,0.8627315763645421
zdt1,30,15,57,NSGAII_SDR_OLS,local_nsga2_sdr_ols,0.7643851282494343,0.20561971981871627
zdt1,30,16,58,OADE_NSGAII,local_oade,0.0063300171467212145,0.8690634271389492
zdt1,30,16,58,NSGA2,pymoo,0.005555699481931487,0.867324228744404
zdt1,30,16,58,RNSGA2,pymoo,0.7312732781558671,0.24554753990765582
zdt1,30,16,58,CGDE_NSGAII,local_cgde_nsga2,0.00709538482260609,0.8636386014496106
zdt1,30,16,58,NSGAII_SDR_OLS,local_nsga2_sdr_ols,0.6927821896412713,0.28961513138937345
zdt1,30,17,59,OADE_NSGAII,local_oade,0.004552671432225468,0.8708511783040349
zdt1,30,17,59,NSGA2,pymoo,0.005150175123729724,0.8683179782840781
zdt1,30,17,59,RNSGA2,pymoo,0.6698093415451853,0.3157716558249348
zdt1,30,17,59,CGDE_NSGAII,local_cgde_nsga2,0.007902886745173454,0.8624718413321485
zdt1,30,17,59,NSGAII_SDR_OLS,local_nsga2_sdr_ols,0.7375034877702794,0.23843553373487442
zdt1,30,18,60,OADE_NSGAII,local_oade,0.009143676589247302,0.8654249431843544
zdt1,30,18,60,NSGA2,pymoo,0.004737270205580113,0.8690274456206405
zdt1,30,18,60,RNSGA2,pymoo,0.6099756049737226,0.3771205911923374
zdt1,30,18,60,CGDE_NSGAII,local_cgde_nsga2,0.006616793906365959,0.8646382962811756
zdt1,30,18,60,NSGAII_SDR_OLS,local_nsga2_sdr_ols,0.7991754394596032,0.16236862847721792
zdt1,30,19,61,OADE_NSGAII,local_oade,0.01619942088522495,0.8555924307285078
zdt1,30,19,61,NSGA2,pymoo,0.005037461013051746,0.8684484151948862
zdt1,30,19,61,RNSGA2,pymoo,0.6794353196053067,0.2949727535963814
zdt1,30,19,61,CGDE_NSGAII,local_cgde_nsga2,0.007968996992544351,0.8624582421368832
zdt1,30,19,61,NSGAII_SDR_OLS,local_nsga2_sdr_ols,0.7237534666675219,0.25334163943965327
zdt2,30,0,42,OADE_NSGAII,local_oade,0.00469393458325358,0.5376903002974202
zdt2,30,0,42,NSGA2,pymoo,0.005410187159374255,0.5343051494917285
zdt2,30,0,42,RNSGA2,pymoo,0.5463400380501143,0.11541783177645387
zdt2,30,0,42,CGDE_NSGAII,local_cgde_nsga2,0.006506553828024927,0.5316913150259086
zdt2,30,0,42,NSGAII_SDR_OLS,local_nsga2_sdr_ols,0.6104614577373045,0.10999999999892468
zdt2,30,1,43,OADE_NSGAII,local_oade,0.004636017819631733,0.5373526335549862
zdt2,30,1,43,NSGA2,pymoo,0.005269505309970712,0.5341901661638204
zdt2,30,1,43,RNSGA2,pymoo,0.44123328684753266,0.14839117924031636
zdt2,30,1,43,CGDE_NSGAII,local_cgde_nsga2,0.007143715679944322,0.5303141286609886
zdt2,30,1,43,NSGAII_SDR_OLS,local_nsga2_sdr_ols,0.61046145773799,0.10999999999714508
zdt2,30,2,44,OADE_NSGAII,local_oade,0.004761603252393952,0.5374170067664762
zdt2,30,2,44,NSGA2,pymoo,0.005037787653151327,0.5349041699211161
zdt2,30,2,44,RNSGA2,pymoo,0.5227195422965283,0.12029314255145573
zdt2,30,2,44,CGDE_NSGAII,local_cgde_nsga2,0.006773653749013695,0.5298229374924756
zdt2,30,2,44,NSGAII_SDR_OLS,local_nsga2_sdr_ols,0.6104614577370627,0.10999999999955289
zdt2,30,3,45,OADE_NSGAII,local_oade,0.004576935266587321,0.5377523490394213
zdt2,30,3,45,NSGA2,pymoo,0.005379115677467739,0.5346374290517958
zdt2,30,3,45,RNSGA2,pymoo,0.5228756092710628,0.12015937494322187
zdt2,30,3,45,CGDE_NSGAII,local_cgde_nsga2,0.006362171916492944,0.5321989104705355
zdt2,30,3,45,NSGAII_SDR_OLS,local_nsga2_sdr_ols,0.6104614577371906,0.10999999999922071
zdt2,30,4,46,OADE_NSGAII,local_oade,0.005421958994173858,0.5362772662699091
zdt2,30,4,46,NSGA2,pymoo,0.0052346418399959686,0.5344498228301471
zdt2,30,4,46,RNSGA2,pymoo,0.3517342835656497,0.19202100055658278
zdt2,30,4,46,CGDE_NSGAII,local_cgde_nsga2,0.007498467964283647,0.5293028671568063
zdt2,30,4,46,NSGAII_SDR_OLS,local_nsga2_sdr_ols,0.6104614577394024,0.10999999999347719
zdt2,30,5,47,OADE_NSGAII,local_oade,0.0046238366339394375,0.5375118135927812
zdt2,30,5,47,NSGA2,pymoo,0.005298055708111498,0.5346049876017638
zdt2,30,5,47,RNSGA2,pymoo,0.5281094654063587,0.11879239463694932
zdt2,30,5,47,CGDE_NSGAII,local_cgde_nsga2,0.006885392319809921,0.5305484403496896
zdt2,30,5,47,NSGAII_SDR_OLS,local_nsga2_sdr_ols,0.6104614577385259,0.1099999999957531
zdt2,30,6,48,OADE_NSGAII,local_oade,0.008840899203443598,0.5331473422885524
zdt2,30,6,48,NSGA2,pymoo,0.00529399252923955,0.5341458800555909
zdt2,30,6,48,RNSGA2,pymoo,0.522269722030585,0.12055099483689963
zdt2,30,6,48,CGDE_NSGAII,local_cgde_nsga2,0.007272791995904127,0.5289750483141147
zdt2,30,6,48,NSGAII_SDR_OLS,local_nsga2_sdr_ols,0.6104614577391804,0.10999999999405362
zdt2,30,7,49,OADE_NSGAII,local_oade,0.0051713420096999585,0.5368360509851077
zdt2,30,7,49,NSGA2,pymoo,0.004934144427179532,0.5353593657140637
zdt2,30,7,49,RNSGA2,pymoo,0.5392930809195645,0.11666152814559996
zdt2,30,7,49,CGDE_NSGAII,local_cgde_nsga2,0.006952650104359011,0.5299443146906732
zdt2,30,7,49,NSGAII_SDR_OLS,local_nsga2_sdr_ols,0.6104614577493709,0.10999999996759119
zdt2,30,8,50,OADE_NSGAII,local_oade,0.006887811092401126,0.534459128524429
zdt2,30,8,50,NSGA2,pymoo,0.005281060465270528,0.534041066903836
zdt2,30,8,50,RNSGA2,pymoo,0.5404561963025047,0.11630602933161288
zdt2,30,8,50,CGDE_NSGAII,local_cgde_nsga2,0.006819811055049267,0.5303776382572731
zdt2,30,8,50,NSGAII_SDR_OLS,local_nsga2_sdr_ols,0.6104614577377669,0.1099999999977242
zdt2,30,9,51,OADE_NSGAII,local_oade,0.004587427927691348,0.5371326805106784
zdt2,30,9,51,NSGA2,pymoo,0.005226604788082869,0.5343239388907005
zdt2,30,9,51,RNSGA2,pymoo,0.5223760093591554,0.12043728056013689
zdt2,30,9,51,CGDE_NSGAII,local_cgde_nsga2,0.007369829673350933,0.5292801034182304
zdt2,30,9,51,NSGAII_SDR_OLS,local_nsga2_sdr_ols,0.6104614577378635,0.1099999999974731
zdt2,30,10,52,OADE_NSGAII,local_oade,0.004747306809066043,0.5378205679544042
zdt2,30,10,52,NSGA2,pymoo,0.0053637608200538854,0.533988735822448
zdt2,30,10,52,RNSGA2,pymoo,0.5457137380040024,0.11556678205479737
zdt2,30,10,52,CGDE_NSGAII,local_cgde_nsga2,0.006863485375613414,0.5308945396459346
zdt2,30,10,52,NSGAII_SDR_OLS,local_nsga2_sdr_ols,0.6104614577370583,0.10999999999956413
zdt2,30,11,53,OADE_NSGAII,local_oade,0.005286206051822531,0.5374271203731807
zdt2,30,11,53,NSGA2,pymoo,0.0050008255831815295,0.5348185537526671
zdt2,30,11,53,RNSGA2,pymoo,0.534816201700919,0.11744315720172663
zdt2,30,11,53,CGDE_NSGAII,local_cgde_nsga2,0.007391040794268527,0.5291484544330813
zdt2,30,11,53,NSGAII_SDR_OLS,local_nsga2_sdr_ols,0.6104614577381784,0.1099999999966556
zdt2,30,12,54,OADE_NSGAII,local_oade,0.006162937222460776,0.5347214514280599
zdt2,30,12,54,NSGA2,pymoo,0.005350925016606607,0.5336738090858281
zdt2,30,12,54,RNSGA2,pymoo,0.5173669251725437,0.12142464480065289
zdt2,30,12,54,CGDE_NSGAII,local_cgde_nsga2,0.007552476387908442,0.5289690586717658
zdt2,30,12,54,NSGAII_SDR_OLS,local_nsga2_sdr_ols,0.6104614577421564,0.10999999998632558
zdt2,30,13,55,OADE_NSGAII,local_oade,0.004405159607311568,0.5377786526130941
zdt2,30,13,55,NSGA2,pymoo,0.004873268765803344,0.5354440387064334
zdt2,30,13,55,RNSGA2,pymoo,0.5119922520023203,0.12308877437119364
zdt2,30,13,55,CGDE_NSGAII,local_cgde_nsga2,0.006271641934983333,0.5314482863488401
zdt2,30,13,55,NSGAII_SDR_OLS,local_nsga2_sdr_ols,0.6104614577420392,0.10999999998662992
zdt2,30,14,56,OADE_NSGAII,local_oade,0.006097092315163426,0.5355068811515034
zdt2,30,14,56,NSGA2,pymoo,0.0056763249379629755,0.5338097333421336
zdt2,30,14,56,RNSGA2,pymoo,0.4651206284296845,0.13854167719602886
zdt2,30,14,56,CGDE_NSGAII,local_cgde_nsga2,0.0061828129476125294,0.5318957286397541
zdt2,30,14,56,NSGAII_SDR_OLS,local_nsga2_sdr_ols,0.6104614577383297,0.1099999999962626
zdt2,30,15,57,OADE_NSGAII,local_oade,0.005011983082722974,0.5373001834975507
zdt2,30,15,57,NSGA2,pymoo,0.005888459045289898,0.5338933323692536
zdt2,30,15,57,RNSGA2,pymoo,0.5422217089993833,0.1162098279782655
zdt2,30,15,57,CGDE_NSGAII,local_cgde_nsga2,0.0076243161339045705,0.5292207144595977
zdt2,30,15,57,NSGAII_SDR_OLS,local_nsga2_sdr_ols,0.6104614577388772,0.10999999999484107
zdt2,30,16,58,OADE_NSGAII,local_oade,0.0046542153121287505,0.5377425744679256
zdt2,30,16,58,NSGA2,pymoo,0.006125036683459223,0.5319018219056436
zdt2,30,16,58,RNSGA2,pymoo,0.5500391653879251,0.11484294573383753
zdt2,30,16,58,CGDE_NSGAII,local_cgde_nsga2,0.00724494361638415,0.5293806914704555
zdt2,30,16,58,NSGAII_SDR_OLS,local_nsga2_sdr_ols,0.6104614577373323,0.10999999999885286
zdt2,30,17,59,OADE_NSGAII,local_oade,0.008981061157398657,0.5309355590240337
zdt2,30,17,59,NSGA2,pymoo,0.005327654398202092,0.5345461451442223
zdt2,30,17,59,RNSGA2,pymoo,0.5057162110199869,0.12204033341918795
zdt2,30,17,59,CGDE_NSGAII,local_cgde_nsga2,0.006592321824898563,0.531346957442405
zdt2,30,17,59,NSGAII_SDR_OLS,local_nsga2_sdr_ols,0.6104614577373435,0.1099999999988238
zdt2,30,18,60,OADE_NSGAII,local_oade,0.005986646836570722,0.5349202081978323
zdt2,30,18,60,NSGA2,pymoo,0.005181564379884444,0.5342481172243172
zdt2,30,18,60,RNSGA2,pymoo,0.4878934671401137,0.12971882298828777
zdt2,30,18,60,CGDE_NSGAII,local_cgde_nsga2,0.007364286852058696,0.52911084516067
zdt2,30,18,60,NSGAII_SDR_OLS,local_nsga2_sdr_ols,0.6104614577375547,0.10999999999827521
zdt2,30,19,61,OADE_NSGAII,local_oade,0.004928396655290097,0.5375415281732121
zdt2,30,19,61,NSGA2,pymoo,0.005095838569085982,0.5348797812600602
zdt2,30,19,61,RNSGA2,pymoo,0.4956624413451457,0.12801406524040837
zdt2,30,19,61,CGDE_NSGAII,local_cgde_nsga2,0.006617551106725366,0.5306716283783501
zdt2,30,19,61,NSGAII_SDR_OLS,local_nsga2_sdr_ols,0.61046145773774,0.10999999999779404
zdt3,30,0,42,OADE_NSGAII,local_oade,0.004807902511739935,1.0512625179202313
zdt3,30,0,42,NSGA2,pymoo,0.0057171598092051025,1.0484080458336023
zdt3,30,0,42,RNSGA2,pymoo,0.7492530972822091,0.3935931161813236
zdt3,30,0,42,CGDE_NSGAII,local_cgde_nsga2,0.00694139768535741,1.040391830532593
zdt3,30,0,42,NSGAII_SDR_OLS,local_nsga2_sdr_ols,0.790438811808733,0.35814441655371676
zdt3,30,1,43,OADE_NSGAII,local_oade,0.006281873402834012,1.050692666383295
zdt3,30,1,43,NSGA2,pymoo,0.005656218080948302,1.0481174358013
zdt3,30,1,43,RNSGA2,pymoo,0.7606238204673224,0.3879763292952275
zdt3,30,1,43,CGDE_NSGAII,local_cgde_nsga2,0.007618549684449215,1.0387729410050615
zdt3,30,1,43,NSGAII_SDR_OLS,local_nsga2_sdr_ols,0.9040853792575213,0.24479514510076902
zdt3,30,2,44,OADE_NSGAII,local_oade,0.00562063974553263,1.0511228483186252
zdt3,30,2,44,NSGA2,pymoo,0.0052315742827729215,1.0483572175653437
zdt3,30,2,44,RNSGA2,pymoo,0.7538607633886132,0.3899914943562812
zdt3,30,2,44,CGDE_NSGAII,local_cgde_nsga2,0.007338376496611268,1.0381257630207386
zdt3,30,2,44,NSGAII_SDR_OLS,local_nsga2_sdr_ols,0.9949878338996752,0.15545147163604658
zdt3,30,3,45,OADE_NSGAII,local_oade,0.005334439171953819,1.0513889475013258
zdt3,30,3,45,NSGA2,pymoo,0.005637274609568959,1.0476217992754666
zdt3,30,3,45,RNSGA2,pymoo,0.7708245084664737,0.37783189957903657
zdt3,30,3,45,CGDE_NSGAII,local_cgde_nsga2,0.00728033733990906,1.0395842885791875
zdt3,30,3,45,NSGAII_SDR_OLS,local_nsga2_sdr_ols,0.9444781367722451,0.20545528354433057
zdt3,30,4,46,OADE_NSGAII,local_oade,0.009467194767181249,1.0487320324437048
zdt3,30,4,46,NSGA2,pymoo,0.00466644343198479,1.0488458813213473
zdt3,30,4,46,RNSGA2,pymoo,0.7557383801261129,0.38789284270541197
zdt3,30,4,46,CGDE_NSGAII,local_cgde_nsga2,0.009651836803899007,1.0299548968185184
zdt3,30,4,46,NSGAII_SDR_OLS,local_nsga2_sdr_ols,0.8059308208352972,0.3444300699093211
zdt3,30,5,47,OADE_NSGAII,local_oade,0.005285857389660377,1.0511735421971131
zdt3,30,5,47,NSGA2,pymoo,0.005104758454206676,1.048423896866222
zdt3,30,5,47,RNSGA2,pymoo,0.8048747369803148,0.34532501343025207
zdt3,30,5,47,CGDE_NSGAII,local_cgde_nsga2,0.00814091828230113,1.034497081439433
zdt3,30,5,47,NSGAII_SDR_OLS,local_nsga2_sdr_ols,0.7795292811052227,0.3703839871706349
zdt3,30,6,48,OADE_NSGAII,local_oade,0.021661935134699484,1.039744188757658
zdt3,30,6,48,NSGA2,pymoo,0.005487552082764634,1.0477659547507492
zdt3,30,6,48,RNSGA2,pymoo,0.7537450601633737,0.3900457525631741
zdt3,30,6,48,CGDE_NSGAII,local_cgde_nsga2,0.009036462001079973,1.0316881339931094
zdt3,30,6,48,NSGAII_SDR_OLS,local_nsga2_sdr_ols,0.9445630906953908,0.20496063364204106
zdt3,30,7,49,OADE_NSGAII,local_oade,0.020147512762326167,1.0406790898235265
zdt3,30,7,49,NSGA2,pymoo,0.005758234385419658,1.048417623831653
zdt3,30,7,49,RNSGA2,pymoo,0.7557738477162332,0.3887841302353829
zdt3,30,7,49,CGDE_NSGAII,local_cgde_nsga2,0.006446722859986063,1.0405029653435467
zdt3,30,7,49,NSGAII_SDR_OLS,local_nsga2_sdr_ols,0.8963019055022393,0.25256047901711937
zdt3,30,8,50,OADE_NSGAII,local_oade,0.008173808964205187,1.0492262291071248
zdt3,30,8,50,NSGA2,pymoo,0.005679118571753822,1.0485399859868019
zdt3,30,8,50,RNSGA2,pymoo,0.7638381230133254,0.3855301304332212
zdt3,30,8,50,CGDE_NSGAII,local_cgde_nsga2,0.009091454887421942,1.0328871297316458
zdt3,30,8,50,NSGAII_SDR_OLS,local_nsga2_sdr_ols,0.8021115032662284,0.34688904926517505
zdt3,30,9,51,OADE_NSGAII,local_oade,0.007580391526899559,1.0497719160218304
zdt3,30,9,51,NSGA2,pymoo,0.006034446669203132,1.0476912629772042
zdt3,30,9,51,RNSGA2,pymoo,0.7561260935921542,0.3885384452370408
zdt3,30,9,51,CGDE_NSGAII,local_cgde_nsga2,0.00834514597806861,1.0356570780643786
zdt3,30,9,51,NSGAII_SDR_OLS,local_nsga2_sdr_ols,0.7606303716848295,0.3851628718513702
zdt3,30,10,52,OADE_NSGAII,local_oade,0.01574411982738053,1.0437916766941628
zdt3,30,10,52,NSGA2,pymoo,0.00557548140342538,1.0478476456313461
zdt3,30,10,52,RNSGA2,pymoo,0.7501165427856715,0.39557768342385424
zdt3,30,10,52,CGDE_NSGAII,local_cgde_nsga2,0.009181890232021976,1.0328864195804215
zdt3,30,10,52,NSGAII_SDR_OLS,local_nsga2_sdr_ols,0.777272086717514,0.3724417894858112
zdt3,30,11,53,OADE_NSGAII,local_oade,0.011800812531480164,1.047127238649515
zdt3,30,11,53,NSGA2,pymoo,0.005728255852642366,1.0475703672460845
zdt3,30,11,53,RNSGA2,pymoo,0.7490232672251227,0.3961274055636815
zdt3,30,11,53,CGDE_NSGAII,local_cgde_nsga2,0.009130062663888923,1.0317788581983234
zdt3,30,11,53,NSGAII_SDR_OLS,local_nsga2_sdr_ols,0.7745640093898055,0.37491341709901377
zdt3,30,12,54,OADE_NSGAII,local_oade,0.005056513879471338,1.0511615210167147
zdt3,30,12,54,NSGA2,pymoo,0.005819416447380797,1.047788164255218
zdt3,30,12,54,RNSGA2,pymoo,0.7481921205990711,0.39685544704386866
zdt3,30,12,54,CGDE_NSGAII,local_cgde_nsga2,0.008708179245313533,1.0346507478806015
zdt3,30,12,54,NSGAII_SDR_OLS,local_nsga2_sdr_ols,0.9088174928472066,0.24014066605278675
zdt3,30,13,55,OADE_NSGAII,local_oade,0.0053538688044236825,1.0511786845430597
zdt3,30,13,55,NSGA2,pymoo,0.005060134014581901,1.0485640687456577
zdt3,30,13,55,RNSGA2,pymoo,0.7540896256973717,0.3854162850163357
zdt3,30,13,55,CGDE_NSGAII,local_cgde_nsga2,0.007801977229503175,1.0373189346417255
zdt3,30,13,55,NSGAII_SDR_OLS,local_nsga2_sdr_ols,0.7667041808330652,0.381462727230086
zdt3,30,14,56,OADE_NSGAII,local_oade,0.005778117925431398,1.0509002468674042
zdt3,30,14,56,NSGA2,pymoo,0.005259880289613998,1.0477561601483918
zdt3,30,14,56,RNSGA2,pymoo,0.6895072528070695,0.4207041895655247
zdt3,30,14,56,CGDE_NSGAII,local_cgde_nsga2,0.006912426481960201,1.038848909638313
zdt3,30,14,56,NSGAII_SDR_OLS,local_nsga2_sdr_ols,0.9262919903005893,0.22287851261898178
zdt3,30,15,57,OADE_NSGAII,local_oade,0.01287207140964417,1.047116486825794
zdt3,30,15,57,NSGA2,pymoo,0.005500263495827686,1.0472410269128405
zdt3,30,15,57,RNSGA2,pymoo,0.7651420446160907,0.38372036012869054
zdt3,30,15,57,CGDE_NSGAII,local_cgde_nsga2,0.007495711659038549,1.0376814822855118
zdt3,30,15,57,NSGAII_SDR_OLS,local_nsga2_sdr_ols,0.777984659822839,0.3713854628924695
zdt3,30,16,58,OADE_NSGAII,local_oade,0.005778120132007471,1.0511635953175593
zdt3,30,16,58,NSGA2,pymoo,0.00496896188376817,1.0483324699338141
zdt3,30,16,58,RNSGA2,pymoo,0.5271837814019468,0.5927633807634207
zdt3,30,16,58,CGDE_NSGAII,local_cgde_nsga2,0.006667608997142411,1.040297614225463
zdt3,30,16,58,NSGAII_SDR_OLS,local_nsga2_sdr_ols,1.0453556708438292,0.10421966925419297
zdt3,30,17,59,OADE_NSGAII,local_oade,0.006680210077096697,1.0508741188202169
zdt3,30,17,59,NSGA2,pymoo,0.005235767212506471,1.0480515005246742
zdt3,30,17,59,RNSGA2,pymoo,0.7539316031834343,0.3889343279614048
zdt3,30,17,59,CGDE_NSGAII,local_cgde_nsga2,0.007759505980281986,1.0377182036204575
zdt3,30,17,59,NSGAII_SDR_OLS,local_nsga2_sdr_ols,0.8313744116498544,0.3163499102891503
zdt3,30,18,60,OADE_NSGAII,local_oade,0.005810722553053133,1.051024303525615
zdt3,30,18,60,NSGA2,pymoo,0.005310757355384645,1.0488995463120487
zdt3,30,18,60,RNSGA2,pymoo,0.7547458129376358,0.3891511059026665
zdt3,30,18,60,CGDE_NSGAII,local_cgde_nsga2,0.008638465157211391,1.0331840624879194
zdt3,30,18,60,NSGAII_SDR_OLS,local_nsga2_sdr_ols,0.9281524285708492,0.22126458484013323
zdt3,30,19,61,OADE_NSGAII,local_oade,0.00508616392764914,1.051157850486131
zdt3,30,19,61,NSGA2,pymoo,0.004963194297383845,1.0487186066651482
zdt3,30,19,61,RNSGA2,pymoo,0.7597376959392339,0.38169977882232453
zdt3,30,19,61,CGDE_NSGAII,local_cgde_nsga2,0.00869053629074177,1.0333685057893767
zdt3,30,19,61,NSGAII_SDR_OLS,local_nsga2_sdr_ols,0.8355583411929703,0.31388735617426733
zdt4,10,0,42,OADE_NSGAII,local_oade,0.005446049768055187,0.86754961504281
zdt4,10,0,42,NSGA2,pymoo,0.013123147166612472,0.8534835462083434
zdt4,10,0,42,RNSGA2,pymoo,0.5862789863078437,0.40313488599289804
zdt4,10,0,42,CGDE_NSGAII,local_cgde_nsga2,14.14384615123952,0.0
zdt4,10,0,42,NSGAII_SDR_OLS,local_nsga2_sdr_ols,0.9484246013796976,0.0
zdt4,10,1,43,OADE_NSGAII,local_oade,0.004373611416329273,0.8700150784760599
zdt4,10,1,43,NSGA2,pymoo,0.07827240871139227,0.8056664881416143
zdt4,10,1,43,RNSGA2,pymoo,0.7990000720174844,0.1616495757606131
zdt4,10,1,43,CGDE_NSGAII,local_cgde_nsga2,8.915611367143967,0.0
zdt4,10,1,43,NSGAII_SDR_OLS,local_nsga2_sdr_ols,1.7787439629958948,0.0
zdt4,10,2,44,OADE_NSGAII,local_oade,0.007433606799370393,0.8641561705106986
zdt4,10,2,44,NSGA2,pymoo,0.006433687365356573,0.864883803154519
zdt4,10,2,44,RNSGA2,pymoo,0.7029372605006361,0.2739234267451524
zdt4,10,2,44,CGDE_NSGAII,local_cgde_nsga2,15.111948809780905,0.0
zdt4,10,2,44,NSGAII_SDR_OLS,local_nsga2_sdr_ols,7.56967591946212,0.0
zdt4,10,3,45,OADE_NSGAII,local_oade,0.005321552041349094,0.8678665784798701
zdt4,10,3,45,NSGA2,pymoo,0.005912767266449645,0.8661009315538157
zdt4,10,3,45,RNSGA2,pymoo,0.5978121640983831,0.38914036675635433
zdt4,10,3,45,CGDE_NSGAII,local_cgde_nsga2,12.971115942677995,0.0
zdt4,10,3,45,NSGAII_SDR_OLS,local_nsga2_sdr_ols,12.966520345048172,0.0
zdt4,10,4,46,OADE_NSGAII,local_oade,0.005985638571177023,0.8665102060701747
zdt4,10,4,46,NSGA2,pymoo,0.008363567356350698,0.8619945685277854
zdt4,10,4,46,RNSGA2,pymoo,0.7590243617377221,0.21164516503268935
zdt4,10,4,46,CGDE_NSGAII,local_cgde_nsga2,14.325077436375327,0.0
zdt4,10,4,46,NSGAII_SDR_OLS,local_nsga2_sdr_ols,4.800966803526857,0.0
zdt4,10,5,47,OADE_NSGAII,local_oade,0.005440711651362582,0.8675138166560155
zdt4,10,5,47,NSGA2,pymoo,0.00559752094951587,0.8667761319035825
zdt4,10,5,47,RNSGA2,pymoo,0.6944390718658411,0.28308806255295255
zdt4,10,5,47,CGDE_NSGAII,local_cgde_nsga2,12.704178320885564,0.0
zdt4,10,5,47,NSGAII_SDR_OLS,local_nsga2_sdr_ols,1.7541857164291508,0.0
zdt4,10,6,48,OADE_NSGAII,local_oade,0.004400160563184778,0.8691566067305246
zdt4,10,6,48,NSGA2,pymoo,0.012128435463746494,0.8548497433766699
zdt4,10,6,48,RNSGA2,pymoo,0.7417764197763761,0.23085967960201179
zdt4,10,6,48,CGDE_NSGAII,local_cgde_nsga2,12.176859301062631,0.0
zdt4,10,6,48,NSGAII_SDR_OLS,local_nsga2_sdr_ols,0.8391624073644556,0.10949846297182347
zdt4,10,7,49,OADE_NSGAII,local_oade,0.008948582446347064,0.860557311352104
zdt4,10,7,49,NSGA2,pymoo,0.005718381332502929,0.866639746691739
zdt4,10,7,49,RNSGA2,pymoo,0.6351823171583912,0.3478521823046043
zdt4,10,7,49,CGDE_NSGAII,local_cgde_nsga2,13.630457396791185,0.0
zdt4,10,7,49,NSGAII_SDR_OLS,local_nsga2_sdr_ols,0.846430953263465,0.09986936769297362
zdt4,10,8,50,OADE_NSGAII,local_oade,0.005596780509391698,0.8668286876964075
zdt4,10,8,50,NSGA2,pymoo,0.008370468399484899,0.8619348287887688
zdt4,10,8,50,RNSGA2,pymoo,0.46737244664665956,0.5052551886093977
zdt4,10,8,50,CGDE_NSGAII,local_cgde_nsga2,11.904521901275528,0.0
zdt4,10,8,50,NSGAII_SDR_OLS,local_nsga2_sdr_ols,4.561346518426383,0.0
zdt4,10,9,51,OADE_NSGAII,local_oade,0.00491368172535587,0.869109987142419
zdt4,10,9,51,NSGA2,pymoo,0.09914806142271188,0.7189209371219161
zdt4,10,9,51,RNSGA2,pymoo,0.477031261085241,0.5070582368535932
zdt4,10,9,51,CGDE_NSGAII,local_cgde_nsga2,7.098862038921101,0.0
zdt4,10,9,51,NSGAII_SDR_OLS,local_nsga2_sdr_ols,3.5420794026848097,0.0
zdt4,10,10,52,OADE_NSGAII,local_oade,0.007470860124883023,0.8634947209028699
zdt4,10,10,52,NSGA2,pymoo,0.006496682183799352,0.8648901642288837
zdt4,10,10,52,RNSGA2,pymoo,0.6268519153555766,0.2749080611692705
zdt4,10,10,52,CGDE_NSGAII,local_cgde_nsga2,9.87927075192768,0.0
zdt4,10,10,52,NSGAII_SDR_OLS,local_nsga2_sdr_ols,1.4474065045853468,0.0
zdt4,10,11,53,OADE_NSGAII,local_oade,0.004714503153233352,0.8694124101449319
zdt4,10,11,53,NSGA2,pymoo,0.006611183502335618,0.8645336140905145
zdt4,10,11,53,RNSGA2,pymoo,0.5341924952272633,0.4491573974631499
zdt4,10,11,53,CGDE_NSGAII,local_cgde_nsga2,16.471927731741676,0.0
zdt4,10,11,53,NSGAII_SDR_OLS,local_nsga2_sdr_ols,5.704197130355753,0.0
zdt4,10,12,54,OADE_NSGAII,local_oade,0.0067316117108043175,0.8649657720423511
zdt4,10,12,54,NSGA2,pymoo,0.0075050590187619596,0.8630178753416428
zdt4,10,12,54,RNSGA2,pymoo,0.7170693757315625,0.25911166723763335
zdt4,10,12,54,CGDE_NSGAII,local_cgde_nsga2,12.339343146362033,0.0
zdt4,10,12,54,NSGAII_SDR_OLS,local_nsga2_sdr_ols,10.997012544508673,0.0
zdt4,10,13,55,OADE_NSGAII,local_oade,0.005499032713005403,0.866821562172468
zdt4,10,13,55,NSGA2,pymoo,0.006618151402701198,0.8644926804974258
zdt4,10,13,55,RNSGA2,pymoo,0.7998813238856484,0.1596525100548678
zdt4,10,13,55,CGDE_NSGAII,local_cgde_nsga2,12.521175721208808,0.0
zdt4,10,13,55,NSGAII_SDR_OLS,local_nsga2_sdr_ols,8.919188642564041,0.0
zdt4,10,14,56,OADE_NSGAII,local_oade,0.005173465325746177,0.8679247336244504
zdt4,10,14,56,NSGA2,pymoo,0.007897163045001291,0.8619906632760045
zdt4,10,14,56,RNSGA2,pymoo,0.40900281499740665,0.5595087002037349
zdt4,10,14,56,CGDE_NSGAII,local_cgde_nsga2,15.089575650267436,0.0
zdt4,10,14,56,NSGAII_SDR_OLS,local_nsga2_sdr_ols,9.537154463404505,0.0
zdt4,10,15,57,OADE_NSGAII,local_oade,0.006677736413928662,0.865025215104091
zdt4,10,15,57,NSGA2,pymoo,0.008978345727564752,0.8600859359573907
zdt4,10,15,57,RNSGA2,pymoo,0.809279341885287,0.14887372408200142
zdt4,10,15,57,CGDE_NSGAII,local_cgde_nsga2,11.451130848617106,0.0
zdt4,10,15,57,NSGAII_SDR_OLS,local_nsga2_sdr_ols,1.9687814485006667,0.0
zdt4,10,16,58,OADE_NSGAII,local_oade,0.004107902620355947,0.8699581311300958
zdt4,10,16,58,NSGA2,pymoo,0.008127487924382419,0.8619059389764568
zdt4,10,16,58,RNSGA2,pymoo,0.7797338175714801,0.18539527387280894
zdt4,10,16,58,CGDE_NSGAII,local_cgde_nsga2,8.478888951830168,0.0
zdt4,10,16,58,NSGAII_SDR_OLS,local_nsga2_sdr_ols,2.5933329309662554,0.0
zdt4,10,17,59,OADE_NSGAII,local_oade,0.012439632248633325,0.8557286497250572
zdt4,10,17,59,NSGA2,pymoo,0.005963704100805875,0.8660952548439833
zdt4,10,17,59,RNSGA2,pymoo,0.6356748034680081,0.3434669020554968
zdt4,10,17,59,CGDE_NSGAII,local_cgde_nsga2,11.413225564760124,0.0
zdt4,10,17,59,NSGAII_SDR_OLS,local_nsga2_sdr_ols,2.5644804199191786,0.0
zdt4,10,18,60,OADE_NSGAII,local_oade,0.004929761760853503,0.8687840991500604
zdt4,10,18,60,NSGA2,pymoo,0.007674430415553374,0.8625086074093217
zdt4,10,18,60,RNSGA2,pymoo,0.7441585584579664,0.228699600070851
zdt4,10,18,60,CGDE_NSGAII,local_cgde_nsga2,13.837177235822795,0.0
zdt4,10,18,60,NSGAII_SDR_OLS,local_nsga2_sdr_ols,4.153703911614275,0.0
zdt4,10,19,61,OADE_NSGAII,local_oade,0.0052032829161165126,0.8685825338506002
zdt4,10,19,61,NSGA2,pymoo,0.005599713632077864,0.8669921344241038
zdt4,10,19,61,RNSGA2,pymoo,0.6120554780547282,0.37682311558020676
zdt4,10,19,61,CGDE_NSGAII,local_cgde_nsga2,14.082764201247844,0.0
zdt4,10,19,61,NSGAII_SDR_OLS,local_nsga2_sdr_ols,3.8499355015533205,0.0
zdt6,10,0,42,OADE_NSGAII,local_oade,0.003972387478181252,0.4385322544254039
zdt6,10,0,42,NSGA2,pymoo,0.01642791959353581,0.41778513241391463
zdt6,10,0,42,RNSGA2,pymoo,0.12479341484187487,0.30428530122067843
zdt6,10,0,42,CGDE_NSGAII,local_cgde_nsga2,0.004157061891974629,0.43919479967724756
zdt6,10,0,42,NSGAII_SDR_OLS,local_nsga2_sdr_ols,0.0894797625812316,0.3252963022144378
zdt6,10,1,43,OADE_NSGAII,local_oade,0.014174320521802883,0.426760668979566
zdt6,10,1,43,NSGA2,pymoo,0.016638876492968708,0.4172523471387111
zdt6,10,1,43,RNSGA2,pymoo,0.03516508611147451,0.3872000673575842
zdt6,10,1,43,CGDE_NSGAII,local_cgde_nsga2,0.003580429949059811,0.43931912194034345
zdt6,10,1,43,NSGAII_SDR_OLS,local_nsga2_sdr_ols,0.13726734323871131,0.27541085355463185
zdt6,10,2,44,OADE_NSGAII,local_oade,0.0035942955450436603,0.43846231168660393
zdt6,10,2,44,NSGA2,pymoo,0.0191854572889642,0.41347144902371996
zdt6,10,2,44,RNSGA2,pymoo,0.04877770073396524,0.36804638863152633
zdt6,10,2,44,CGDE_NSGAII,local_cgde_nsga2,0.0036519532791633837,0.43926058748407854
zdt6,10,2,44,NSGAII_SDR_OLS,local_nsga2_sdr_ols,0.15036615693227107,0.24967604464673895
zdt6,10,3,45,OADE_NSGAII,local_oade,0.0035587613085020886,0.43777270217576514
zdt6,10,3,45,NSGA2,pymoo,0.014137049049738613,0.4209865239457338
zdt6,10,3,45,RNSGA2,pymoo,0.2889559344742128,0.1971905944620811
zdt6,10,3,45,CGDE_NSGAII,local_cgde_nsga2,0.0037125048583436537,0.43920031638614654
zdt6,10,3,45,NSGAII_SDR_OLS,local_nsga2_sdr_ols,0.14690706930266753,0.2601221692634471
zdt6,10,4,46,OADE_NSGAII,local_oade,0.003986317061321668,0.4379645081797803
zdt6,10,4,46,NSGA2,pymoo,0.016694223307092325,0.41746563621900645
zdt6,10,4,46,RNSGA2,pymoo,0.07517231542250148,0.3470992021945958
zdt6,10,4,46,CGDE_NSGAII,local_cgde_nsga2,0.0035614363679043,0.4392658370856091
zdt6,10,4,46,NSGAII_SDR_OLS,local_nsga2_sdr_ols,0.18950704093740897,0.21005479053058118
zdt6,10,5,47,OADE_NSGAII,local_oade,0.011208543603395753,0.42933598728285377
zdt6,10,5,47,NSGA2,pymoo,0.018123007896010145,0.4154317483584144
zdt6,10,5,47,RNSGA2,pymoo,0.2510190970989365,0.22094351230472523
zdt6,10,5,47,CGDE_NSGAII,local_cgde_nsga2,0.004155171785902503,0.4386685254914611
zdt6,10,5,47,NSGAII_SDR_OLS,local_nsga2_sdr_ols,0.056295362169766106,0.3706958785097412
zdt6,10,6,48,OADE_NSGAII,local_oade,0.0037590583413296434,0.43801518666896944
zdt6,10,6,48,NSGA2,pymoo,0.015966161512750564,0.41826298681288226
zdt6,10,6,48,RNSGA2,pymoo,0.04966690107842986,0.3673141464716416
zdt6,10,6,48,CGDE_NSGAII,local_cgde_nsga2,0.004191154200703832,0.4388683114360444
zdt6,10,6,48,NSGAII_SDR_OLS,local_nsga2_sdr_ols,0.0900209858034659,0.31820209025817836
zdt6,10,7,49,OADE_NSGAII,local_oade,0.003819778588591206,0.4380433548915116
zdt6,10,7,49,NSGA2,pymoo,0.015343423605776,0.41936186320490193
zdt6,10,7,49,RNSGA2,pymoo,0.17820257816336166,0.2658697642755427
zdt6,10,7,49,CGDE_NSGAII,local_cgde_nsga2,0.004345835571893607,0.43878598156319215
zdt6,10,7,49,NSGAII_SDR_OLS,local_nsga2_sdr_ols,0.17001837802624922,0.2412669680119914
zdt6,10,8,50,OADE_NSGAII,local_oade,0.0038219524128903755,0.4381960887408372
zdt6,10,8,50,NSGA2,pymoo,0.018203092249981734,0.41548083988813195
zdt6,10,8,50,RNSGA2,pymoo,0.18198428250396134,0.26494573950413225
zdt6,10,8,50,CGDE_NSGAII,local_cgde_nsga2,0.003320478880267422,0.43938109032578404
zdt6,10,8,50,NSGAII_SDR_OLS,local_nsga2_sdr_ols,0.11277567260632779,0.2911804943341348
zdt6,10,9,51,OADE_NSGAII,local_oade,0.003773218373052011,0.4383802161912549
zdt6,10,9,51,NSGA2,pymoo,0.013903636756989843,0.4212994471367701
zdt6,10,9,51,RNSGA2,pymoo,0.11677096655849917,0.31279108942366457
zdt6,10,9,51,CGDE_NSGAII,local_cgde_nsga2,0.0037841419025001067,0.4389246953679988
zdt6,10,9,51,NSGAII_SDR_OLS,local_nsga2_sdr_ols,0.09415482891504402,0.3085774373418231
zdt6,10,10,52,OADE_NSGAII,local_oade,0.003782508664777705,0.4384331384912098
zdt6,10,10,52,NSGA2,pymoo,0.012266999435576438,0.4235127846794621
zdt6,10,10,52,RNSGA2,pymoo,0.05880435840726251,0.36350011531706516
zdt6,10,10,52,CGDE_NSGAII,local_cgde_nsga2,0.0037986415067515207,0.4388787604836085
zdt6,10,10,52,NSGAII_SDR_OLS,local_nsga2_sdr_ols,0.13461849908953513,0.25827866650462433
zdt6,10,11,53,OADE_NSGAII,local_oade,0.013899457611179902,0.42710423797867964
zdt6,10,11,53,NSGA2,pymoo,0.016581873041577676,0.4174615957402041
zdt6,10,11,53,RNSGA2,pymoo,0.08090155306675277,0.34162033096842576
zdt6,10,11,53,CGDE_NSGAII,local_cgde_nsga2,0.003897039220968149,0.4391607360602711
zdt6,10,11,53,NSGAII_SDR_OLS,local_nsga2_sdr_ols,0.10872411303105624,0.29428863801072913
zdt6,10,12,54,OADE_NSGAII,local_oade,0.004036699248448869,0.43786990276965765
zdt6,10,12,54,NSGA2,pymoo,0.019401770179426313,0.4135471990888341
zdt6,10,12,54,RNSGA2,pymoo,0.12293734296365834,0.3069206345013736
zdt6,10,12,54,CGDE_NSGAII,local_cgde_nsga2,0.0038985503554358225,0.43900378335983553
zdt6,10,12,54,NSGAII_SDR_OLS,local_nsga2_sdr_ols,0.11628833438565027,0.3010550344729295
zdt6,10,13,55,OADE_NSGAII,local_oade,0.00341611844400423,0.4387617905051099
zdt6,10,13,55,NSGA2,pymoo,0.015170422360359195,0.41971618260220994
zdt6,10,13,55,RNSGA2,pymoo,0.05871220041017721,0.36078803550470123
zdt6,10,13,55,CGDE_NSGAII,local_cgde_nsga2,0.0037854744966421784,0.43925103270166854
zdt6,10,13,55,NSGAII_SDR_OLS,local_nsga2_sdr_ols,0.14234571415239836,0.2729074216127508
zdt6,10,14,56,OADE_NSGAII,local_oade,0.009197269247546932,0.43239762478676036
zdt6,10,14,56,NSGA2,pymoo,0.01871071923628181,0.4144027284722988
zdt6,10,14,56,RNSGA2,pymoo,0.1036741464344327,0.3234672050472906
zdt6,10,14,56,CGDE_NSGAII,local_cgde_nsga2,0.0036249753507310244,0.4392067273475976
zdt6,10,14,56,NSGAII_SDR_OLS,local_nsga2_sdr_ols,0.10894055330224484,0.3177806097948571
zdt6,10,15,57,OADE_NSGAII,local_oade,0.011895896531372772,0.4290977869093843
zdt6,10,15,57,NSGA2,pymoo,0.013646881133843968,0.4218826293224477
zdt6,10,15,57,RNSGA2,pymoo,0.05839352701112568,0.3619888097294015
zdt6,10,15,57,CGDE_NSGAII,local_cgde_nsga2,0.0036562990661833323,0.4391885206451329
zdt6,10,15,57,NSGAII_SDR_OLS,local_nsga2_sdr_ols,0.13648457286245874,0.2814437669735883
zdt6,10,16,58,OADE_NSGAII,local_oade,0.003926373031016159,0.4384645166069781
zdt6,10,16,58,NSGA2,pymoo,0.016177142575811116,0.41836514667359465
zdt6,10,16,58,RNSGA2,pymoo,0.2696239955866677,0.20735367765462254
zdt6,10,16,58,CGDE_NSGAII,local_cgde_nsga2,0.0037766413427405537,0.43912802214744323
zdt6,10,16,58,NSGAII_SDR_OLS,local_nsga2_sdr_ols,0.09875312824933558,0.3037943764833115
zdt6,10,17,59,OADE_NSGAII,local_oade,0.003754171807300138,0.43834034844007924
zdt6,10,17,59,NSGA2,pymoo,0.02022918452070407,0.41256436530324897
zdt6,10,17,59,RNSGA2,pymoo,0.028031055756638362,0.39670870045250717
zdt6,10,17,59,CGDE_NSGAII,local_cgde_nsga2,0.0037865627736488982,0.4391715035085936
zdt6,10,17,59,NSGAII_SDR_OLS,local_nsga2_sdr_ols,0.09761439681929865,0.31798545733994527
zdt6,10,18,60,OADE_NSGAII,local_oade,0.0038734734327756865,0.4379008343216423
zdt6,10,18,60,NSGA2,pymoo,0.019230985583346107,0.4141371940764349
zdt6,10,18,60,RNSGA2,pymoo,0.05697897109237316,0.3623395365036927
zdt6,10,18,60,CGDE_NSGAII,local_cgde_nsga2,0.0039562246968408744,0.43904108292737837
zdt6,10,18,60,NSGAII_SDR_OLS,local_nsga2_sdr_ols,0.0756943969828662,0.34335285593973824
zdt6,10,19,61,OADE_NSGAII,local_oade,0.004135532793442407,0.4381700167354963
zdt6,10,19,61,NSGA2,pymoo,0.016361210166062498,0.4174004446515442
zdt6,10,19,61,RNSGA2,pymoo,0.1800287485705282,0.2650779998256256
zdt6,10,19,61,CGDE_NSGAII,local_cgde_nsga2,0.003616052600771359,0.4392532079708454
zdt6,10,19,61,NSGAII_SDR_OLS,local_nsga2_sdr_ols,0.07065612707032559,0.34307411962921486
